adminID,userID,password,first_name,middle_name,last_name,email_ID,phoneID,date_of_birth,age,house_number,street_name,city,pincode,state
1,1,dO0<6s1M\)3KdK?,Audy,Konrad,Slucock,kslucock0@icio.us,1,10/8/2023,42,7,Bellgrove,Mugala,6807,Georgia
1,2,yX0|?loa4~dLgI_,Preston,Joshia,Jacobbe,jjacobbe1@dell.com,2,6/18/2005,90,9020,Bluejay,Padasono,6281,Rhode Island
1,3,fH3(y&yvzDk,Gauthier,Greggory,Yuryev,gyuryev2@webs.com,3,12/8/2000,43,152,Pawling,Jixiang,6394,Texas
1,4,mL8/5of/,Jimmy,Silvain,Castane,scastane3@nhs.uk,4,3/27/2019,55,6,Clove,Ditsaan,9561,Rhode Island
1,5,iC3(q=8phX_US,Jordan,Stillman,Anfossi,sanfossi4@tumblr.com,5,9/18/2008,70,5,Hauk,Kadupayung,6845,Indiana
1,6,fT3{s@V{>k,Rowen,Ethelbert,Iacoviello,eiacoviello5@smugmug.com,6,2/9/2004,91,654,Haas,Grujugan,6911,Mississippi
1,7,hM2/!dpmYe4,Annecorinne,Kirk,Collar,kcollar6@edublogs.org,7,2/28/2008,24,4,Cordelia,Ono,6402,Pennsylvania
1,8,gA4>_Is8c`=,Chen,Barnebas,Yepiskopov,byepiskopov7@msu.edu,8,9/17/2022,28,86,Mcguire,Argungu,8285,Oregon
1,9,wF7`<3+FGpMkBkc,Vikki,Renard,Slatten,rslatten8@live.com,9,1/1/2013,62,54,Lillian,Ayní,9724,Connecticut
1,10,dZ3'r/E7!veFAb,Dennis,Shepherd,Jaukovic,sjaukovic9@pinterest.com,10,7/7/2023,91,853,Michigan,Jasienica Rosielna,8494,Wyoming
1,11,sD5|E|Y.mJGKdDbk,Theo,Mick,Cissell,mcissella@arstechnica.com,11,6/7/2012,31,472,Maple,Yläne,8290,North Dakota
1,12,yS9<h<Knif{N6,Marina,Vince,Chidley,vchidleyb@tinyurl.com,12,8/30/2006,69,7,Monica,København,9730,Maine
1,13,rX2!m1R%l/,Torre,Ingamar,Daborne,idabornec@squarespace.com,13,9/9/2012,58,1,Crest Line,Qui Nhon,8330,Arkansas
1,14,mO7\u#'L\rtcf,Rheba,Rriocard,Belison,rbelisond@behance.net,14,8/11/2021,94,46767,Westend,Vällingby,6970,Wyoming.
1,15,jW7&Ee9Q,Ginelle,Dorie,Cobson,dcobsone@free.fr,15,4/18/2007,99,20143,Anniversary,Fulnek,7460,Indiana
1,16,"zJ6_""%Cw=@${axEK",Caroljean,Pietrek,McCormack,pmccormackf@bbc.co.uk,16,4/23/2001,33,2,Summer Ridge,Shreveport,9079,Connecticut
1,17,"aD9?xM0Z}M2+l+/,",Derk,Miner,Lisle,mlisleg@about.com,17,3/30/2000,68,978,Crest Line,Abashiri,6863,Rhode Island
1,18,nF2/9_v86RJ,Percival,Ashton,Millington,amillingtonh@liveinternet.ru,18,6/21/2003,27,155,Division,Baltimore,8518,Georgia
1,19,bZ3+#A%S&dXTa</,Camala,Duke,Keay,dkeayi@ucsd.edu,19,8/15/2007,67,31434,Bluestem,Muchkapskiy,8458,New York
1,20,jW5.oWcj,Roxine,Farleigh,Fantone,ffantonej@vk.com,20,12/15/2018,44,903,Bashford,Dama,8604,Georgia
1,21,sR4{1J3k#4581#>M,Carolynn,Carleton,Robbs,crobbsk@networksolutions.com,21,10/19/2010,97,1705,Bunting,Babakanloa,9894,Connecticut
1,22,gG1~&6K3?H)_5,Gerianne,Phillipe,Riggott,priggottl@latimes.com,22,11/3/2009,68,965,Kingsford,Krasnyy Klyuch,7253,Utah
1,23,"yT0`j%U|,f'E""jx",Vassili,Wallace,Bisterfeld,wbisterfeldm@people.com.cn,23,9/9/2000,45,8,Grayhawk,Gar,9262,Illinois
1,24,"kY2&I?JASr""U",Stanislaus,Skipp,Whitloe,swhitloen@trellian.com,24,4/11/2005,60,4810,Waywood,Poniatowa,6430,Pennsylvania
1,25,kM2@<#w&+,Naoma,Gael,Accum,gaccumo@shinystat.com,25,2/22/2018,87,9994,Fulton,Chadian,8255,Alaska
1,26,"wD3/<q$rHE""~",Lowrance,Kahaleel,Spadari,kspadarip@wsj.com,26,6/30/2019,22,2895,Corry,Błonie,6107,New York
1,27,"vB6|a!`,/",Amberly,Paxton,Ryland,prylandq@blinklist.com,27,3/31/2008,49,87568,Ronald Regan,Acarigua,8915,Minnesota
1,28,"uA4>5),$k6z",Basia,Ruggiero,Pryde,rpryder@squarespace.com,28,1/1/2011,19,44,Hoepker,Västerås,7707,Michigan
1,29,"tI7""@jhu!Ti(",Whittaker,Sheff,Manueli,smanuelis@dell.com,29,5/3/2011,59,816,Warbler,Jiujie,9311,New York
1,30,tE2$gB9kzYX(,Kathleen,Ric,Weatherburn,rweatherburnt@e-recht24.de,30,5/1/2019,81,4,East,Bremerhaven,7974,Idaho
1,31,mV6|f%I`//tOr4*(,Cob,Mozes,de Marco,mdemarcou@ucoz.com,31,9/3/2015,34,59,Sutherland,Preobrazheniye,6084,Arkansas
1,32,cJ6{uvT_#BOuI,Dag,Mendel,Roof,mroofv@amazon.co.uk,32,12/17/2009,79,1817,Express,Luotang,8183,Wisconsin
1,33,"qR7#vC'+B=uJW""r",Carlene,Ly,Caunter,lcaunterw@ca.gov,33,4/29/2002,18,3336,Loftsgordon,Manggis,8841,Missouri
1,34,"cH6""<'DxK",Jeri,Sven,Ogilvy,sogilvyx@ftc.gov,34,9/10/2008,55,22,Garrison,Gavião,8297,Alabama
1,35,qN9$z>V?agbur`s,Siffre,Vanya,Belton,vbeltony@linkedin.com,35,4/4/2018,94,879,Moland,Sa Pá,7179,Mississippi
1,36,zO2}ZH*|,Darryl,Vasili,Bole,vbolez@shareasale.com,36,9/11/2003,57,6,Hazelcrest,Wonorejo Dua,7909,New Hampshire
1,37,"cG9?eY!$F>_""F4YO",Mic,Conney,Grishmanov,cgrishmanov10@slashdot.org,37,6/2/2012,33,5958,Rockefeller,Bridgetown,6241,South Dakota
1,38,xO8=Vv<X#4o(}#SH,Ervin,Roley,Liley,rliley11@arizona.edu,38,10/6/2012,34,301,Grayhawk,Beixiaoying,8442,Florida
1,39,"aU2@s""g}EoSsJdr",Elicia,Harv,Kleinmintz,hkleinmintz12@tripod.com,39,3/14/2021,27,587,Lukken,Corticeiro de Baixo,6994,Oklahoma
1,40,"iT8)phoszq""fCr*I",Edita,Gaven,Carolan,gcarolan13@blogger.com,40,10/26/2009,29,6,Sunbrook,Yamango,7178,California
1,41,xQ7@'eQU4\gLimq,Ros,Mahmud,McCullen,mmccullen14@eepurl.com,41,7/8/2009,62,93583,Menomonie,Santa Elena,7770,Iowa
1,42,"hL3&~_Mf!eu,NdC",Correy,Morgun,Paton,mpaton15@networkadvertising.org,42,10/4/2023,25,54075,Northridge,San Jose,6726,Wyoming
1,43,oM4'l9jyN7a,Tabbi,Cesare,Bellew,cbellew16@si.edu,43,1/20/2013,21,96,Michigan,Kelowna,7180,Connecticut
1,44,"gZ9!B""vQ",Ofelia,Erroll,Crosoer,ecrosoer17@booking.com,44,12/23/2009,75,26,Lawn,Pigí,7995,South Carolina
1,45,bK9%ySPp,Kinsley,Gaelan,Lotherington,glotherington18@bloglovin.com,45,7/20/2016,94,79818,Darwin,Bayonne,9278,Delaware
1,46,rG0(jeH=})}|#,Rhodia,Thatch,Shirtcliffe,tshirtcliffe19@multiply.com,46,6/2/2007,86,4816,New Castle,Strömsund,8506,Arkansas
1,47,"rX3,k/u`GK1\FLo",Allister,Monte,Scholl,mscholl1a@merriam-webster.com,47,7/16/2014,42,32208,Mayfield,Nekhayevskiy,9922,Illinois
1,48,bZ1?44_t6d)~&!5J,Lezlie,Benton,Pinnere,bpinnere1b@opensource.org,48,10/1/2014,21,1671,Almo,London,7216,North Carolina
1,49,iP5~hi6Xio{)&(,Lamar,Doyle,Barsby,dbarsby1c@pinterest.com,49,12/21/2005,18,5,Kingsford,Mērsrags,7339,Michigan
1,50,qW6#ts89YC,Becca,Jimmie,Smullin,jsmullin1d@dyndns.org,50,9/7/2007,76,41310,High Crossing,Sjöbo,8942,West Virginia
1,51,"oH1?A<75""l3d!",Leanor,Kerby,Tabourel,ktabourel1e@bloglines.com,51,6/24/2000,55,4,Del Sol,Tamiso,6338,New Mexico
1,52,"iU3~K/X6vy""GyO$R",Bobbie,Barn,Maplethorp,bmaplethorp1f@engadget.com,52,8/6/2017,47,5442,Shasta,Kuala Lumpur,7097,Pennsylvania
1,53,nA6<}E%6(e,Jamie,Iorgos,Dooney,idooney1g@latimes.com,53,5/3/2014,45,0,Eastwood,Sioah,6669,Wisconsin
1,54,wG7}71@?2+L,Iorgo,Noble,Killerby,nkillerby1h@cocolog-nifty.com,54,10/24/2017,99,28,Thierer,Manorom,7372,Nevada
1,55,nJ2%Z(GuF,Annamaria,Antoine,Welbrock,awelbrock1i@i2i.jp,55,9/17/2008,81,82,Shopko,Lawepakam,8614,Indiana
1,56,vO6`oR{X4,Scot,Gustav,Furney,gfurney1j@geocities.com,56,9/14/2012,38,679,Valley Edge,Maesan,8961,Alaska
1,57,bN6{AZU&AVgr_/,Lyle,Ethelbert,Steed,esteed1k@goo.ne.jp,57,9/13/2005,31,90,Gale,Lluchubamba,9602,Maryland
1,58,xI4=uc#Qqt,Brendis,Arie,Kingcott,akingcott1l@prnewswire.com,58,7/17/2021,79,8,Continental,Kubachi,9931,North Carolina
1,59,mD0.PIRd~_,Bret,Adriano,McAster,amcaster1m@oaic.gov.au,59,5/15/2000,38,31480,South,Meringkik,8539,New Hampshire
1,60,sA1?$/eW!S5D,Filberto,Findley,Wiggett,fwiggett1n@addthis.com,60,5/3/2005,95,3,Almo,Weixin,8688,New York
1,61,vM0.AYz+x,Andreana,Donalt,Abrahamsen,dabrahamsen1o@dailymotion.com,61,4/18/2016,84,67,John Wall,Lawesigalagala Timur,6678,Minnesota
1,62,"lW7),Awd",Caralie,Umberto,Dowding,udowding1p@microsoft.com,62,12/10/2023,58,7,Meadow Ridge,Gastello,7752,Mississippi
1,63,jO9\c}r7r{,Herrick,Moise,Le Grice,mlegrice1q@4shared.com,63,3/17/2020,46,79,6th,Bizhou,6350,Mississippi
1,64,tJ3_a6Xi7YFbcC,Tabby,Reamonn,Ladlow,rladlow1r@xinhuanet.com,64,11/12/2006,50,23183,Mandrake,Pasirmanggu,8211,Rhode Island
1,65,fE7<.ibe5IbzzplW,Doria,Gerrie,Geerits,ggeerits1s@mit.edu,65,4/25/2010,42,7458,Moose,Changtan,6645,Kansas
1,66,mP5(O'az0|A!\,Andrei,Gavan,Bondar,gbondar1t@prnewswire.com,66,1/7/2016,92,56,Valley Edge,Hacıqabul,7471,South Dakota
1,67,bL3'Pn/xx#c,Kaine,Mart,Drugan,mdrugan1u@furl.net,67,10/7/2016,42,80,Sutteridge,Hexi,6427,Missouri
1,68,mG0oO7xs,Kiele,Anderson,Cherm,acherm1v@utexas.edu,68,9/23/2011,83,606,Hoard,Cikubang,9395,Tennessee
1,69,pass,Joe,nikhil,kumar,mail@gmail.com,34,9/25/2010,65,514,House,hgighg,6574,Oregon
1,70,dV8APgO&5,Ambrose,Aaron,Mattheus,amattheus1x@exblog.jp,70,6/16/2004,48,42465,Vera,Qinggang,6678,Oregon
1,71,tL7>8cRxy~WKg@,Leonardo,Hort,Fulford,hfulford1y@sfgate.com,71,8/14/2014,59,5954,Toban,Calauag,8467,Oklahoma
1,72,sM1%e|zmm,Irvin,Iorgos,Ricson,iricson1z@about.com,72,11/23/2022,40,2,Merchant,Chiba,8106,New Hampshire
1,73,qV7_(_.Qx_B2NrFu,Tabbie,Hayden,Durrance,hdurrance20@house.gov,73,7/6/2016,89,221,Bartelt,Marseille,9367,Connecticut
1,74,kY6?R8.ng44Ky,Francois,Town,Camocke,tcamocke21@drupal.org,74,9/15/2020,67,961,7th,Zlechov,7799,Connecticut
1,75,wN3`BO4pf4b9<35,Caren,Von,Pullin,vpullin22@tmall.com,75,9/15/2010,50,0,4th,Bokoro,9451,Kentucky
1,76,aC1%#pDhMJcM)2z,Nicol,Herby,Pilgrim,hpilgrim23@goodreads.com,76,7/26/2019,31,6592,Petterle,Bako,8129,Colorado
1,77,qI1&v3)N<f/c,Datha,Poul,Chaloner,pchaloner24@theglobeandmail.com,77,7/9/2014,31,9,Magdeline,Pedreira,6159,Kansas
1,78,jW0'c/je/UD>*I,Emalee,Linn,Lawlan,llawlan25@clickbank.net,78,2/6/2000,70,35,Sherman,Västra Frölunda,7361,Nevada
1,79,lE0|*5x\=Ok,Vernor,Abdul,Heliot,aheliot26@naver.com,79,3/21/2020,46,25,Waubesa,Huangcun,9625,Oklahoma
1,80,"vI7}5aJx93h\,",Victor,Justino,Bocock,jbocock27@bing.com,80,9/26/2022,49,712,Petterle,Azogues,6520,Pennsylvania
1,81,hI4}brCG6vO,Vidovic,Mickey,Buttery,mbuttery28@xing.com,81,4/9/2016,56,9,Dryden,Hässleholm,8466,Virginia
1,82,zN7=7NI+uS8Fd,Dal,Worden,O'Luby,woluby29@opensource.org,82,9/14/2018,39,80,3rd,La Tigra,6786,Minnesota
1,83,qD5_Pcmw@XSpUb),Nikolas,Bondy,Courvert,bcourvert2a@ftc.gov,83,8/26/2008,73,11122,Granby,Staroyur’yevo,7459,Maryland
1,84,uT1($vy#XU3z+,Mac,Dev,Warboy,dwarboy2b@mac.com,84,11/12/2023,90,94208,Logan,Sabang,8364,West Virginia
1,85,rG5//&cK},Oswald,Alphonse,Beneze,abeneze2c@bigcartel.com,85,7/27/2015,87,8,Hansons,Garang,8586,Delaware
1,86,cT8`of=N1!BG54y,Mina,Ian,Bambrick,ibambrick2d@china.com.cn,86,11/27/2014,70,25,Meadow Vale,Zhangxi,9678,North Carolina
1,87,uM6}@aQ5djZ6ewL,Padraig,Jon,Bradforth,jbradforth2e@vistaprint.com,87,12/18/2023,63,9,Blue Bill Park,Zhuhong,7890,Virginia
1,88,sJ3>JC2u0dsbhk,Barris,Wolfy,Sleight,wsleight2f@unesco.org,88,12/11/2016,21,26442,Nevada,Humaitá,7647,Ohio
1,89,cZ1?Q##n,Flossie,Ringo,Kamienski,rkamienski2g@soup.io,89,1/13/2002,90,0,Delaware,Mesa,9814,New York
1,90,"kI4&h""}fk{(oC",Suzie,Laurens,Debney,ldebney2h@symantec.com,90,9/29/2018,36,5,Sachs,Jundian,9109,Mississippi
1,91,xA3_u6y?X4>SG,Joscelin,Cly,MacRitchie,cmacritchie2i@uiuc.edu,91,7/15/2000,24,98499,Lake View,Manolás,9136,Pennsylvania
1,92,cQ5`0JqsY&,Johnathon,Hercules,Gerding,hgerding2j@apache.org,92,2/25/2018,34,6574,Grayhawk,Longhe,6173,Indiana
1,93,"xD8|nW""XY",Abby,Matthaeus,Franciottoi,mfranciottoi2k@dmoz.org,93,6/9/2000,22,59316,Colorado,Pulorejo,7426,Georgia
1,94,xS5\R=+c,Alis,Ty,Tropman,ttropman2l@samsung.com,94,5/28/2008,98,8,Pine View,Oguma,7067,Utah
1,95,wE5(t!I/$dt4,Nevil,Shepperd,McCuthais,smccuthais2m@mapy.cz,95,10/28/2005,67,47,Sullivan,Auch,6686,Arkansas
1,96,"wY0%Se,c)s",Evita,Obadiah,Jemmison,ojemmison2n@ca.gov,96,9/27/2009,85,93573,Sage,Mġarr,6188,Colorado
1,97,aJ7$Y{vuoq5ALc<R,Ogdon,Engelbert,Sunshine,esunshine2o@rakuten.co.jp,97,9/7/2011,70,3,Autumn Leaf,Khāliş,6117,Pennsylvania
1,98,kN9$/!_=Jm,Jacob,Gauthier,McGurk,gmcgurk2p@ft.com,98,9/23/2002,79,58660,Paget,Miras,9104,Washington
1,99,yM4=}WlUzO<\,Thomasin,Huntlee,Egiloff,hegiloff2q@tuttocitta.it,99,4/15/2001,82,75210,Thierer,Nesovice,6002,Missouri
1,100,vK2$/IVKkoiVVY,Fancie,Myrwyn,Waltho,mwaltho2r@tumblr.com,100,11/11/2010,41,1983,Talmadge,Shigony,7826,South Carolina
